id,property,needs_translation,default,translated
1230,SYNONYM,f,Abiotrophia adiacens,
1195,SYNONYM,f,Abiotrophia elegans,
1482,SYNONYM,f,Achromobacter xylosoxidans xylosoxidans,
2179,SYNONYM,f,Acladium castellanii,
2699,SYNONYM,f,Acremonium alabamensis,
96,SYNONYM,f,Acremonium kiliense,
1064,SYNONYM,f,Acremonium recifei,
2154,SYNONYM,f,Acremonium strictum,
114,SYNONYM,f,Acrotheca aquaspersa,
1049,SYNONYM,f,Actinobacillus actinomycetemcomitans,
2207,SYNONYM,f,Actinobaculum schaalii,
839,SYNONYM,f,Actinobaculum urinale,
688,SYNONYM,f,Actinomyces bernardiae,
2162,SYNONYM,f,Actinomyces cardiffensis,
1676,SYNONYM,f,Actinomyces europaeus,
2229,SYNONYM,f,Actinomyces funkei,
988,SYNONYM,f,Actinomyces georgiae,
1214,SYNONYM,f,Actinomyces hongkongensis,
2211,SYNONYM,f,Actinomyces meyeri,
759,SYNONYM,f,Actinomyces nasicola,
2055,SYNONYM,f,Actinomyces neuii,
2466,SYNONYM,f,Actinomyces odontolyticus,
119,SYNONYM,f,Actinomyces radingae,
1558,SYNONYM,f,Actinomyces turicensis,
2379,SYNONYM,f,Aeromonas punctata,
652,SYNONYM,f,Aeromonas trota,
2274,SYNONYM,f,Alcaligenes piechaudii,
1584,SYNONYM,f,Alcaligenes xylosoxidans,
1718,SYNONYM,f,Aleurisma apiospermum,
683,SYNONYM,f,Allescheria boydii,
1659,SYNONYM,f,Anaerorhabdus furcosus,
2239,SYNONYM,f,Arcanobacterium bernardiae,
112,SYNONYM,f,Arcanobacterium pyogenes,
1280,SYNONYM,f,Arthrobacter albus,
961,SYNONYM,f,Arthrobacter arilaitensis,
1573,SYNONYM,f,Arthrobacter aurescens,
894,SYNONYM,f,Arthrobacter bergerei,
304,SYNONYM,f,Arthrobacter chlorophenolicus,
877,SYNONYM,f,Arthrobacter creatinolyticus,
1916,SYNONYM,f,Arthrobacter cumminsii,
862,SYNONYM,f,Arthrobacter gangotriensis,
199,SYNONYM,f,Arthrobacter histidinolovorans,
2258,SYNONYM,f,Arthrobacter ilicis,
133,SYNONYM,f,Arthrobacter kerguelensis,
211,SYNONYM,f,Arthrobacter mysorens,
1174,SYNONYM,f,Arthrobacter nasiphocae,
2287,SYNONYM,f,Arthrobacter nicotianae,
1344,SYNONYM,f,Arthrobacter nicotinovorans,
434,SYNONYM,f,Arthrobacter nitroguajacolicus,
1058,SYNONYM,f,Arthrobacter oxydans,
1952,SYNONYM,f,Arthrobacter polychromogenes,
1728,SYNONYM,f,Arthrobacter protophormiae,
980,SYNONYM,f,Arthrobacter psychrophenolicus,
1733,SYNONYM,f,Arthrobacter scleromae,
183,SYNONYM,f,Arthrobacter siderocapsulatus,
363,SYNONYM,f,Arthrobacter sulfonivorans,
1136,SYNONYM,f,Arthrobacter sulfureus,
563,SYNONYM,f,Arthrobacter uratoxydans,
1852,SYNONYM,f,Arthrobacter ureafaciens,
123,SYNONYM,f,Arthrobacter variabilis,
1386,SYNONYM,f,Arthrobacter viscosus,
2355,SYNONYM,f,Aspergillus oryzae,
1812,SYNONYM,f,Atopobium parvulum,
1664,SYNONYM,f,Atopobium rimae,
479,SYNONYM,f,Atopobium vaginae,
1951,SYNONYM,f,Aurantimonas altamirensis,
2554,SYNONYM,f,Aureobacterium liquefaciens,
1943,SYNONYM,f,Azymoprocandida lipolytica,
2614,SYNONYM,t,B19 virus,B19-Virus
2470,SYNONYM,t,BK polyomavirus,BK-Polyomavirus
278,SYNONYM,f,Bacillus agaradhaerens,
320,SYNONYM,f,Bacillus agri,
722,SYNONYM,f,Bacillus alcalophilus,
1621,SYNONYM,f,Bacillus algicola,
671,SYNONYM,f,Bacillus alvei,
1035,SYNONYM,f,Bacillus aneurinolyticus,
2329,SYNONYM,f,Bacillus aquimaris,
218,SYNONYM,f,Bacillus arseniciselenatis,
634,SYNONYM,f,Bacillus asahii,
1000,SYNONYM,f,Bacillus azotoformans,
603,SYNONYM,f,Bacillus barbaricus,
267,SYNONYM,f,Bacillus bataviensis,
2324,SYNONYM,f,Bacillus boroniphilus,
48,SYNONYM,f,Bacillus brevis,
482,SYNONYM,f,Bacillus butanolivorans,
804,SYNONYM,f,Bacillus centrosporus,
2034,SYNONYM,f,Bacillus circulans,
2500,SYNONYM,f,Bacillus clarkii,
789,SYNONYM,f,Bacillus clausii,
2228,SYNONYM,f,Bacillus coagulans,
845,SYNONYM,f,Bacillus cohnii,
623,SYNONYM,f,Bacillus decolorationis,
2543,SYNONYM,f,Bacillus dipsosauri,
2250,SYNONYM,f,Bacillus drentensis,
140,SYNONYM,f,Bacillus edaphicus,
1540,SYNONYM,f,Bacillus ehimensis,
273,SYNONYM,f,Bacillus endophyticus,
969,SYNONYM,f,Bacillus farraginis,
39,SYNONYM,f,Bacillus fastidiosus,
475,SYNONYM,f,Bacillus firmus,
1550,SYNONYM,f,Bacillus flexus,
971,SYNONYM,f,Bacillus fordii,
1939,SYNONYM,f,Bacillus fortis,
1735,SYNONYM,f,Bacillus fumarioli,
1407,SYNONYM,f,Bacillus funiculus,
1321,SYNONYM,f,Bacillus galactophilus,
866,SYNONYM,f,Bacillus galactosidilyticus,
1491,SYNONYM,f,Bacillus gelatini,
1372,SYNONYM,f,Bacillus gibsonii,
2377,SYNONYM,f,Bacillus ginsengi,
448,SYNONYM,f,Bacillus halmapalus,
2011,SYNONYM,f,Bacillus halodenitrificans,
2463,SYNONYM,f,Bacillus halodurans,
2064,SYNONYM,f,Bacillus horikoshii,
2499,SYNONYM,f,Bacillus humi,
2199,SYNONYM,f,Bacillus hwajinpoensis,
240,SYNONYM,f,Bacillus idriensis,
612,SYNONYM,f,Bacillus indicus,
1117,SYNONYM,f,Bacillus jeotgali,
2121,SYNONYM,f,Bacillus kaustophilus,
979,SYNONYM,f,Bacillus korlensis,
111,SYNONYM,f,Bacillus krulwichiae,
792,SYNONYM,f,Bacillus laevolacticus,
1815,SYNONYM,f,Bacillus larvae,
2013,SYNONYM,f,Bacillus laterosporus,
991,SYNONYM,f,Bacillus lentimorbus,
736,SYNONYM,f,Bacillus lentus,
121,SYNONYM,f,Bacillus luciferensis,
2399,SYNONYM,f,Bacillus macerans,
237,SYNONYM,f,Bacillus macyae,
185,SYNONYM,f,Bacillus marinus,
1596,SYNONYM,f,Bacillus marisflavi,
1397,SYNONYM,f,Bacillus massiliensis,
1785,SYNONYM,f,Bacillus megaterium,
2277,SYNONYM,f,Bacillus mucilaginosus,
2275,SYNONYM,f,Bacillus muralis,
1409,SYNONYM,f,Bacillus naganoensis,
1102,SYNONYM,f,Bacillus nealsonii,
433,SYNONYM,f,Bacillus niacini,
2422,SYNONYM,f,Bacillus novalis,
1623,SYNONYM,f,Bacillus odysseyi,
637,SYNONYM,f,Bacillus okuhidensis,
1838,SYNONYM,f,Bacillus oleronius,
192,SYNONYM,f,Bacillus pabuli,
2937,SYNONYM,f,Bacillus pallidus,
599,SYNONYM,f,Bacillus pantothenticus,
921,SYNONYM,f,Bacillus parabrevis,
1848,SYNONYM,f,Bacillus pasteurii,
2315,SYNONYM,f,Bacillus patagoniensis,
3,SYNONYM,f,Bacillus pocheonensis,
1328,SYNONYM,f,Bacillus polymyxa,
2455,SYNONYM,f,Bacillus popilliae,
27,SYNONYM,f,Bacillus pseudalcaliphilus,
2537,SYNONYM,f,Bacillus pseudofirmus,
949,SYNONYM,f,Bacillus psychrophilus,
2481,SYNONYM,f,Bacillus psychrosaccharolyticus,
33,SYNONYM,f,Bacillus pulvifaciens,
1549,SYNONYM,f,Bacillus pycnus,
864,SYNONYM,f,Bacillus salexigens,
324,SYNONYM,f,Bacillus saliphilus,
1437,SYNONYM,f,Bacillus selenitireducens,
1118,SYNONYM,f,Bacillus shackletonii,
357,SYNONYM,f,Bacillus silvestris,
1920,SYNONYM,f,Bacillus simplex,
906,SYNONYM,f,Bacillus siralis,
2076,SYNONYM,f,Bacillus soli,
2914,SYNONYM,f,Bacillus sphaericus,
1097,SYNONYM,f,Bacillus sporothermodurans,
1960,SYNONYM,f,Bacillus subterraneus,
242,SYNONYM,f,Bacillus subtilis inaquosorum,
2173,SYNONYM,f,Bacillus subtilis spizizenii,
1976,SYNONYM,f,Bacillus subtilis subtilis,
2298,SYNONYM,f,Bacillus thermantarcticus,
715,SYNONYM,f,Bacillus thermocatenulatus,
577,SYNONYM,f,Bacillus thermodenitrificans,
2437,SYNONYM,f,Bacillus thermoglucosidasius,
1924,SYNONYM,f,Bacillus thiaminolyticus,
1878,SYNONYM,f,Bacillus tusciae,
1544,SYNONYM,f,Bacillus validus,
1469,SYNONYM,f,Bacillus vedderi,
1994,SYNONYM,f,Bacillus vietnamensis,
1224,SYNONYM,f,Bacillus vireti,
1967,SYNONYM,f,Bacillus weihenstephanensis,
1546,SYNONYM,f,Bacterionema matruchotii,
525,SYNONYM,f,Bacteroides bivius,
1984,SYNONYM,f,Bacteroides buccae,
932,SYNONYM,f,Bacteroides buccalis,
370,SYNONYM,f,Bacteroides capillosus,
734,SYNONYM,f,Bacteroides capillus,
2010,SYNONYM,f,Bacteroides coagulans,
1414,SYNONYM,f,Bacteroides corporis,
1222,SYNONYM,f,Bacteroides denticola,
365,SYNONYM,f,Bacteroides disiens,
382,SYNONYM,f,Bacteroides distasonis,
2898,SYNONYM,f,Bacteroides dorei,
2168,SYNONYM,f,Bacteroides endodontalis,
2901,SYNONYM,f,Bacteroides forsythus,
1190,SYNONYM,f,Bacteroides furcosus,
1610,SYNONYM,f,Bacteroides gingivalis,
444,SYNONYM,f,Bacteroides goldsteinii,
2007,SYNONYM,f,Bacteroides gracilis,
1640,SYNONYM,f,Bacteroides hypermegas,
2592,SYNONYM,f,Bacteroides intermedius,
1314,SYNONYM,f,Bacteroides levii,
1600,SYNONYM,f,Bacteroides macacae,
2189,SYNONYM,f,Bacteroides massiliensis,
903,SYNONYM,f,Bacteroides melaninogenicus,
1434,SYNONYM,f,Bacteroides merdae,
2523,SYNONYM,f,Bacteroides multiacidus,
1641,SYNONYM,f,Bacteroides nodosus,
742,SYNONYM,f,Bacteroides ochraceus,
1502,SYNONYM,f,Bacteroides oralis,
920,SYNONYM,f,Bacteroides oris,
1949,SYNONYM,f,Bacteroides oulorum,
2579,SYNONYM,f,Bacteroides pentosaceus,
1340,SYNONYM,f,Bacteroides praeacutus,
84,SYNONYM,f,Bacteroides putredinis,
1778,SYNONYM,f,Bacteroides ruminicola,
1237,SYNONYM,f,Bacteroides salivosus,
2311,SYNONYM,f,Bacteroides splanchnicus,
2562,SYNONYM,f,Bacteroides suis,
925,SYNONYM,f,Bacteroides tectus,
2160,SYNONYM,f,Bacteroides ureolyticus,
1213,SYNONYM,f,Bacteroides veroralis,
197,SYNONYM,f,Bacteroides vulgatus,
166,SYNONYM,f,Beneckea alginolytica,
1007,SYNONYM,f,Beneckea harveyi,
541,SYNONYM,f,Beneckea parahaemolytica,
879,SYNONYM,f,Beneckea vulnifica,
2829,SYNONYM,f,Bifidobacterium denticolens,
354,SYNONYM,f,Bifidobacterium infantis,
2830,SYNONYM,f,Bifidobacterium inopinatum,
1292,SYNONYM,f,Bifidobacterium suis,
1927,SYNONYM,f,Bipolaris australiensis,
948,SYNONYM,f,Bipolaris hawaiiensis,
2691,SYNONYM,f,Bocavirus,
2240,SYNONYM,f,Botryodiplodia theobromae,
496,SYNONYM,f,Brachycladium spiciferum,
2441,SYNONYM,f,Branhamella catarrhalis,
2283,SYNONYM,f,Brevibacterium albidum,
1784,SYNONYM,f,Brevibacterium ammoniagenes,
247,SYNONYM,f,Brevibacterium imperiale,
1829,SYNONYM,f,Brevibacterium oxydans,
182,SYNONYM,f,Brevibacterium vitarumen,
2195,SYNONYM,f,Brucella abortus,
2152,SYNONYM,f,Brucella canis,
11,SYNONYM,f,Brucella neotomae,
887,SYNONYM,f,Brucella ovis,
36,SYNONYM,f,Brucella suis,
2396,SYNONYM,f,Burkholderia fungorum,
635,SYNONYM,f,Burkholderia pickettii,
1636,SYNONYM,t,California encephalitis virus,Kalifornisches Enzephalitisvirus
2119,SYNONYM,f,Calymmatobacterium,
1914,SYNONYM,f,Calymmatobacterium granulomatis,
1349,SYNONYM,f,Campylobacter butzleri,
2015,SYNONYM,f,Campylobacter cinaedi,
2433,SYNONYM,f,Campylobacter fennelliae,
402,SYNONYM,f,Campylobacter laridis,
885,SYNONYM,f,Campylobacter mustelae,
676,SYNONYM,f,Campylobacter nitrofigilis,
2570,SYNONYM,f,Campylobacter pylori,
380,SYNONYM,f,Campylobacter sputorum mucosalis,
1264,SYNONYM,f,Candida catenulata,
1889,SYNONYM,f,Candida ciferrii,
1354,SYNONYM,f,Candida duobushaemulonii,
52,SYNONYM,f,Candida guilliermondii,
2694,SYNONYM,f,Candida guilliermondii var. membranaefaciens,
2693,SYNONYM,f,Candida guilliermondii var. membranifaciens,
2243,SYNONYM,f,Candida haemulonii,
62,SYNONYM,f,Candida krusei,
451,SYNONYM,f,Candida lambica,
1707,SYNONYM,f,Candida lipolytica,
1192,SYNONYM,f,Candida lusitaniae,
2582,SYNONYM,f,Candida pelliculosa,
396,SYNONYM,f,Candida pintolopesii,
568,SYNONYM,f,Candida pulcherrima,
1666,SYNONYM,f,Candida ravautii,
2418,SYNONYM,f,Candida rugosa,
2052,SYNONYM,f,Candida slooffii,
458,SYNONYM,f,Candida stellatoidea,
892,SYNONYM,f,Candida stellimalicola,
1238,SYNONYM,f,Candida utilis,
1651,SYNONYM,f,Candida vini,
1101,SYNONYM,f,Catabacter,
1823,SYNONYM,f,Catabacter hongkongensis,
2498,SYNONYM,f,Cellulomonas cellulans,
628,SYNONYM,f,Cephalosporium recifei,
281,SYNONYM,f,Chaetomium atrobrunneum,
2450,SYNONYM,f,Chlamydophila,
625,SYNONYM,f,Chlamydophila abortus,
352,SYNONYM,f,Chlamydophila pneumoniae,
1425,SYNONYM,f,Chlamydophila psittaci,
2806,SYNONYM,f,Chryseobacterium meningosepticum,
1736,SYNONYM,f,Chryseomonas polytricha,
1907,SYNONYM,f,Citrobacter diversus,
104,SYNONYM,f,Cladosporium werneckii,
394,SYNONYM,f,Clostridium absonum,
1990,SYNONYM,f,Clostridium barati,
1375,SYNONYM,f,Clostridium barkeri,
2392,SYNONYM,f,Clostridium bartlettii,
687,SYNONYM,f,Clostridium bifermentans,
55,SYNONYM,f,Clostridium bolteae,
1034,SYNONYM,f,Clostridium celerecrescens,
2822,SYNONYM,f,Clostridium citroniae,
790,SYNONYM,f,Clostridium clostridioforme,
219,SYNONYM,f,Clostridium difficile,
824,SYNONYM,f,Clostridium ghonii,
1092,SYNONYM,f,Clostridium glycolicum,
1167,SYNONYM,f,Clostridium hastiforme,
238,SYNONYM,f,Clostridium hathewayi,
679,SYNONYM,f,Clostridium histolyticum,
2291,SYNONYM,f,Clostridium indolis,
2319,SYNONYM,f,Clostridium irregulare,
2826,SYNONYM,f,Clostridium lavalense,
1440,SYNONYM,f,Clostridium ghoni,
1857,SYNONYM,f,Clostridium lentoputrescens,
1930,SYNONYM,f,Clostridium limosum,
1220,SYNONYM,f,Clostridium orbiscindens,
1721,SYNONYM,f,Clostridium oroticum,
1870,SYNONYM,f,Clostridium paraperfringens,
796,SYNONYM,f,Clostridium perenne,
1459,SYNONYM,f,Clostridium sordellii,
613,SYNONYM,f,Clostridium sphenoides,
2828,SYNONYM,f,Clostridium ventriculi,
1285,SYNONYM,f,Clostridium villosum,
1725,SYNONYM,t,Colorado tick fever virus,Colorado-Zeckenfieber-Virus
684,SYNONYM,f,Comamonas acidovorans,
1042,SYNONYM,f,Corynebacterium camporealensis,
1155,SYNONYM,f,Corynebacterium equi,
234,SYNONYM,f,Corynebacterium fascians,
246,SYNONYM,f,Corynebacterium hoagii,
2576,SYNONYM,f,Corynebacterium lilium,
1052,SYNONYM,f,Corynebacterium mooreparkense,
1067,SYNONYM,f,Corynebacterium nigricans,
328,SYNONYM,f,Corynebacterium paurometabolum,
754,SYNONYM,f,Corynebacterium pyogenes,
78,SYNONYM,f,Corynebacterium seminale,
2929,SYNONYM,f,Corynebacterium tuscaniae,
677,SYNONYM,f,Corynebacterium variabilis,
1548,SYNONYM,f,Corynebacterium vitarumen,
632,SYNONYM,t,Crimean-Congo hemorrhagic fever virus,Krim-Kongo-Fieber-Virus
900,SYNONYM,f,Cryptococcus aggregatus,
2460,SYNONYM,f,Cryptococcus utilis,
2012,SYNONYM,f,Curvularia spicifera,
771,SYNONYM,f,Cytophaga heparina,
2307,SYNONYM,f,Dactylaria constricta,
2534,SYNONYM,f,Debaryomyces polymorphus,
933,SYNONYM,f,Desulfomonas,
1789,SYNONYM,f,Dietzia cinnamea,
97,SYNONYM,f,Drechslera,
1618,SYNONYM,f,Drechslera halodes,
82,SYNONYM,f,Drechslera rostrata,
2471,SYNONYM,f,Drechslera spicifera,
2646,SYNONYM,t,Eastern equine encephalitis virus North American,Östliches Pferdeenzephalitis-Virus Nordamerikanisch
2648,SYNONYM,t,Eastern equine encephalitis virus South American,Östliches Pferdeenzephalitis-Virus Südamerikanisch
1910,SYNONYM,f,Edwardsiella anguillimortifera,
2286,SYNONYM,f,Enterobacter aerogenes,
2281,SYNONYM,f,Enterobacter agglomerans,
1755,SYNONYM,f,Enterobacter amnigenus,
1974,SYNONYM,f,Enterobacter cowanii,
1571,SYNONYM,f,Enterobacter dissolvens,
446,SYNONYM,f,Enterobacter gergoviae,
1809,SYNONYM,f,Enterobacter intermedius,
2322,SYNONYM,f,Enterobacter nimipressuralis,
38,SYNONYM,f,Enterobacter pyrinus,
2716,SYNONYM,f,Enterobacter sakazakii,
2453,SYNONYM,f,Enterococcus flavescens,
849,SYNONYM,f,Enterococcus saccharominimus,
2302,SYNONYM,f,Enterococcus seriolicida,
750,SYNONYM,f,Enterococcus solitarius,
706,SYNONYM,f,Entomophthora coronata,
2116,SYNONYM,t,Epstein-Barr virus,Epstein-Barr-Virus
1948,SYNONYM,f,Erwinia ananas,
2587,SYNONYM,f,Erwinia cancerogena,
2390,SYNONYM,f,Erwinia dissolvens,
1361,SYNONYM,f,Erwinia nimipressuralis,
2718,SYNONYM,f,Erwinia persicinus,
2099,SYNONYM,f,Erwinia uredovora,
2615,SYNONYM,f,Erythrovirus B19,
222,SYNONYM,f,Escherichia adecarboxylata,
2353,SYNONYM,f,Escherichia vulneris,
1327,SYNONYM,f,Eubacterium aerofaciens,
2212,SYNONYM,f,Eubacterium alactolyticum,
1483,SYNONYM,f,Eubacterium biforme,
455,SYNONYM,f,Eubacterium budayi,
34,SYNONYM,f,Eubacterium combesii,
2137,SYNONYM,f,Eubacterium contortum,
682,SYNONYM,f,Eubacterium cylindroides,
1051,SYNONYM,f,Eubacterium dolichum,
228,SYNONYM,f,Eubacterium eligens,
1300,SYNONYM,f,Eubacterium exiguum,
271,SYNONYM,f,Eubacterium fossor,
1737,SYNONYM,f,Eubacterium hadrum,
1909,SYNONYM,f,Eubacterium hallii,
1433,SYNONYM,f,Eubacterium lentum,
756,SYNONYM,f,Eubacterium moniliforme,
270,SYNONYM,f,Eubacterium plautii,
575,SYNONYM,f,Eubacterium rectale,
995,SYNONYM,f,Eubacterium saburreum,
1180,SYNONYM,f,Eubacterium timidum,
1674,SYNONYM,f,Exophiala werneckii,
1381,SYNONYM,f,Falcivibrio grandis,
25,SYNONYM,f,Falcivibrio vaginalis,
1992,SYNONYM,f,Fissuricella filamenta,
2380,SYNONYM,f,Flavimonas oryzihabitans,
1039,SYNONYM,f,Flavobacterium breve,
1446,SYNONYM,f,Flavobacterium gleum,
2242,SYNONYM,f,Flavobacterium heparinum,
636,SYNONYM,f,Flavobacterium indologenes,
1824,SYNONYM,f,Flavobacterium marinotypicum,
2363,SYNONYM,f,Flavobacterium meningosepticum,
1945,SYNONYM,f,Flavobacterium multivorum,
620,SYNONYM,f,Flavobacterium odoratum,
1305,SYNONYM,f,Flavobacterium spiritivorum,
2128,SYNONYM,f,Flavobacterium thalpophilum,
319,SYNONYM,f,Flavobacterium yabuuchiae,
622,SYNONYM,f,Fluoribacter,
135,SYNONYM,f,Fluoribacter bozemanae,
947,SYNONYM,f,Fluoribacter dumoffii,
766,SYNONYM,f,Fluoribacter gormanii,
1112,SYNONYM,f,Fonsecaea compacta,
1095,SYNONYM,f,Fonsecaea compactum,
616,SYNONYM,f,Fonsecaea dermatitidis,
1113,SYNONYM,f,Fusarium dimerum,
2102,SYNONYM,f,Fusarium semitectum,
670,SYNONYM,f,Fusarium sporotrichioides,
996,SYNONYM,f,Fusicoccum dimidiatum,
1551,SYNONYM,f,Fusobacterium alocis,
202,SYNONYM,f,Fusobacterium nucleatum fusiforme,
1149,SYNONYM,f,Fusobacterium plauti,
940,SYNONYM,f,Fusobacterium polymorphum,
889,SYNONYM,f,Fusobacterium prausnitzii,
1473,SYNONYM,f,Fusobacterium sulci,
1114,SYNONYM,f,Gemella bergeriae,
1997,SYNONYM,f,Geobacillus thermoglucosidasius,
2510,SYNONYM,f,Geotrichum klebahnii,
1947,SYNONYM,f,Geotrichum penicillatum,
1369,SYNONYM,f,Gordonia rubropertinctus,
2601,SYNONYM,t,Group A streptococcus,Streptokokken der Gruppe A
2602,SYNONYM,t,Group B streptococcus,Streptokokken der Gruppe B
173,SYNONYM,f,Haemophilus actinomycetemcomitans,
293,SYNONYM,f,Haemophilus aphrophilus,
1799,SYNONYM,f,Haemophilus haemoglobinophilus,
191,SYNONYM,f,Haemophilus segnis,
2474,SYNONYM,f,Hansenula anomala,
1044,SYNONYM,f,Hansenula fabianii,
811,SYNONYM,f,Hansenula polymorpha,
1875,SYNONYM,f,Helicobacter acinonyx,
193,SYNONYM,f,Helicobacter nemestrinae,
1650,SYNONYM,f,Helminthosporium halodes,
1441,SYNONYM,f,Helminthosporium rostratum,
1934,SYNONYM,f,Helminthosporium spiciferum,
1568,SYNONYM,t,Hepatitis A virus,Hepatitis-A-Virus
2641,SYNONYM,t,Hepatitis C virus,Hepatitis-C-Virus
2653,SYNONYM,t,Hepatitis G virus,Hepatitis-G-Virus
2617,SYNONYM,t,Herpes simplex virus type 1,Herpes-simplex-Virus Typ 1
2619,SYNONYM,t,Herpes simplex virus type 2,Herpes-simplex-Virus Typ 2
822,SYNONYM,f,Hormiscium dermatitidis,
510,SYNONYM,f,Hormodendrum dermatitidis,
803,SYNONYM,f,Hormonema,
2676,SYNONYM,t,Human T-lymphotropic virus 1,Humanes T-lymphotropes Virus 1
2678,SYNONYM,t,Human T-lymphotropic virus 2,Humanes T-lymphotropes Virus 2
2605,SYNONYM,t,Human cytomegalovirus,Humanes Cytomegalievirus
2650,SYNONYM,t,Human hepatitis E virus,Humanes Hepatitis-E-Virus
2671,SYNONYM,t,Human herpesvirus 6A,Humanes Herpesvirus 6A
2673,SYNONYM,t,Human herpesvirus 6B,Humanes Herpesvirus 6B
2631,SYNONYM,t,Human herpesvirus 8,Humanes Herpesvirus 8
2662,SYNONYM,t,Human parainfluenza virus 1,Humanes Parainfluenza-Virus 1
2664,SYNONYM,t,Human parainfluenza virus 2,Humanes Parainfluenza-Virus 2
2666,SYNONYM,t,Human parainfluenza virus 3,Humanes Parainfluenza-Virus 3
2668,SYNONYM,t,Human parainfluenza virus 4,Humanes Parainfluenza-Virus 4
2613,SYNONYM,t,Human parvovirus B19,Humanes Parvovirus B19
2652,SYNONYM,t,Human pegivirus,Humanes Pegivirus
2643,SYNONYM,t,Human polyomavirus 1,Humanes Polyomavirus 1
2683,SYNONYM,t,Human polyomavirus 2,Humanes Polyomavirus 2
376,SYNONYM,t,Human respiratory syncytial virus,Humanes Respiratorisches Synzytial-Virus
2526,SYNONYM,t,Influenza A virus,Influenza-A-Virus
710,SYNONYM,t,Influenza B virus,Influenza-B-Virus
1420,SYNONYM,t,Influenza C virus,Influenza-C-Virus
2657,SYNONYM,t,Influenza D virus,Influenza-D-Virus
2684,SYNONYM,t,JC polyomavirus,JC-Polyomavirus
2685,SYNONYM,t,JC virus,JC-Virus
2630,SYNONYM,t,Kaposi's sarcoma-associated herpesvirus,Kaposi-Sarkom-Herpesvirus
951,SYNONYM,f,Kingella indologenes,
1832,SYNONYM,f,Klebsiella ornithinolytica,
926,SYNONYM,f,Klebsiella ozaenae,
476,SYNONYM,f,Klebsiella planticola,
2549,SYNONYM,f,Klebsiella rhinoscleromatis,
1607,SYNONYM,f,Klebsiella singaporensis,
760,SYNONYM,f,Klebsiella terrigena,
2149,SYNONYM,f,Klebsiella trevisanii,
604,SYNONYM,f,Kloeckera,
2485,SYNONYM,f,Kocuria erythromyxa,
809,SYNONYM,f,Kocuria kristinae,
1922,SYNONYM,f,Koserella trabulsii,
515,SYNONYM,f,Lactobacillus antri,
279,SYNONYM,f,Lactobacillus arizonensis,
2429,SYNONYM,f,Lactobacillus brevis,
2185,SYNONYM,f,Lactobacillus buchneri,
551,SYNONYM,f,Lactobacillus casei,
466,SYNONYM,f,Lactobacillus catenaformis,
552,SYNONYM,f,Lactobacillus cellobiosus,
305,SYNONYM,f,Lactobacillus confusus,
1299,SYNONYM,f,Lactobacillus fermentum,
2310,SYNONYM,f,Lactobacillus gastricus,
1983,SYNONYM,f,Lactobacillus minutus,
1399,SYNONYM,f,Lactobacillus oris,
462,SYNONYM,f,Lactobacillus paracasei,
1986,SYNONYM,f,Lactobacillus plantarum,
428,SYNONYM,f,Lactobacillus reuteri,
2221,SYNONYM,f,Lactobacillus rhamnosus,
356,SYNONYM,f,Lactobacillus rimae,
1342,SYNONYM,f,Lactobacillus sakei,
1442,SYNONYM,f,Lactobacillus salivarius,
703,SYNONYM,f,Lactobacillus vaginalis,
1353,SYNONYM,f,Lactobacillus vitulinus,
981,SYNONYM,t,Lassa virus,Lassa-Virus
1519,SYNONYM,f,Lecythophora,
1608,SYNONYM,f,Lecythophora hoffmannii,
1957,SYNONYM,f,Lecythophora mutabilis,
2907,SYNONYM,f,Legionella bozemanii,
443,SYNONYM,f,Legionella pittsburghensis,
1494,SYNONYM,f,Leptotrichia goodfellowii,
1033,SYNONYM,f,Leuconostoc amelibiosum,
1471,SYNONYM,f,Levinea amalonatica,
1283,SYNONYM,f,Listeria denitrificans,
1385,SYNONYM,f,Lucibacterium harveyi,
2070,SYNONYM,t,Lymphocytic choriomeningitis virus,Lymphozytäres-Choriomeningitis-Virus
959,SYNONYM,f,Macrosporium,
513,SYNONYM,f,Madurella mycetomi,
607,SYNONYM,t,Measles virus,Masernvirus
1590,SYNONYM,f,Megamonas hypermegas,
164,SYNONYM,f,Methylobacterium zatmanii,
508,SYNONYM,f,Micrococcus halobius,
2536,SYNONYM,f,Micrococcus kristinae,
408,SYNONYM,f,Micrococcus nishinomiyaensis,
1647,SYNONYM,f,Micrococcus roseus,
468,SYNONYM,f,Micrococcus sedentarius,
204,SYNONYM,f,Micropolyspora brevicatena,
2326,SYNONYM,f,Microsporum brachytomum,
1593,SYNONYM,f,Mitsuokella dentalis,
1468,SYNONYM,f,Monosporium apiospermum,
689,SYNONYM,f,Moraxella anatipestifer,
837,SYNONYM,f,Moraxella phenylpyruvica,
705,SYNONYM,f,Moraxella urethralis,
872,SYNONYM,f,Mortierella wolfii,
1428,SYNONYM,f,Mucor javanicus,
990,SYNONYM,f,Mucor pusillus,
1059,SYNONYM,t,Mumps virus,Mumpsvirus
1897,SYNONYM,f,Mycobacterium africanum,
2858,SYNONYM,f,Mycobacterium bouchedurhonense,
1159,SYNONYM,f,Mycobacterium bovis,
2949,SYNONYM,f,Mycobacterium canetti,
1793,SYNONYM,f,Mycobacterium caprae,
2860,SYNONYM,f,Mycobacterium chimaera,
2878,SYNONYM,f,Mycobacterium massiliense,
1669,SYNONYM,f,Mycobacterium microti,
869,SYNONYM,f,Mycobacterium paratuberculosis,
1054,SYNONYM,f,Mycobacterium pinnipedii,
1082,SYNONYM,f,Mycobacterium vanbaalenii,
2290,SYNONYM,f,Mycoplasma buccale,
1093,SYNONYM,f,Mycoplasma faucium,
1478,SYNONYM,f,Mycoplasma fermentans,
229,SYNONYM,f,Mycoplasma genitalium,
1124,SYNONYM,f,Mycoplasma hominis,
2106,SYNONYM,f,Mycoplasma lipophilum,
509,SYNONYM,f,Mycoplasma orale,
1961,SYNONYM,f,Mycoplasma penetrans,
1787,SYNONYM,f,Mycoplasma pirum,
2136,SYNONYM,f,Mycoplasma pneumoniae,
717,SYNONYM,f,Mycoplasma primatum,
919,SYNONYM,f,Mycoplasma salivarium,
2300,SYNONYM,f,Mycotorula lipolytica,
709,SYNONYM,f,Nakazawaea,
1531,SYNONYM,f,Neisseria cuniculi,
2285,SYNONYM,f,Neisseria ovis,
2598,SYNONYM,f,Neorickettsia sennetsu,
2090,SYNONYM,f,Neosartorya fischeri,
2183,SYNONYM,f,Nocardia orientalis,
1062,SYNONYM,f,Ochrobactrum,
1368,SYNONYM,f,Ochrobactrum anthropi,
2413,SYNONYM,f,Ochrobactrum intermedium,
1853,SYNONYM,f,Ochroconis gallopava,
2398,SYNONYM,f,Paecilomyces javanicus,
1290,SYNONYM,f,Paecilomyces lilacinus,
1268,SYNONYM,f,Paecilomyces marquandii,
1376,SYNONYM,f,Paenibacillus gordonae,
533,SYNONYM,f,Pantoea ananas,
2727,SYNONYM,f,Pantoea calida,
1931,SYNONYM,f,Pasteurella haemolytica,
2079,SYNONYM,f,Pasteurella pneumotropica,
645,SYNONYM,f,Pasteurella ureae,
2097,SYNONYM,f,Pediococcus urinaeequi,
643,SYNONYM,f,Pedobacter piscium,
2550,SYNONYM,f,Penicillium lilacinum,
1516,SYNONYM,f,Penicillium marneffei,
2584,SYNONYM,f,Penicillium patulum,
2376,SYNONYM,f,Penicillium puberulum,
1794,SYNONYM,f,Penicillium rubrum,
547,SYNONYM,f,Penicillium verruculosum,
2080,SYNONYM,f,Peptococcus asaccharolyticus,
784,SYNONYM,f,Peptococcus saccharolyticus,
2143,SYNONYM,f,Peptostreptococcus asaccharolyticus,
2487,SYNONYM,f,Peptostreptococcus hydrogenalis,
2431,SYNONYM,f,Peptostreptococcus lactolyticus,
1317,SYNONYM,f,Peptostreptococcus magnus,
1745,SYNONYM,f,Peptostreptococcus micros,
1053,SYNONYM,f,Peptostreptococcus octavius,
2401,SYNONYM,f,Peptostreptococcus parvulus,
306,SYNONYM,f,Peptostreptococcus prevotii,
2533,SYNONYM,f,Peptostreptococcus productus,
774,SYNONYM,f,Peptostreptococcus tetradius,
826,SYNONYM,f,Peptostreptococcus vaginalis,
1602,SYNONYM,f,Petriellidium boydii,
1503,SYNONYM,f,Phaeoannellomyces werneckii,
2373,SYNONYM,f,Phaeococcomyces exophialae,
1648,SYNONYM,f,Phialemonium curvatum,
71,SYNONYM,f,Phialophora compacta,
580,SYNONYM,f,Phialophora dermatitidis,
797,SYNONYM,f,Phialophora gougerotii,
1309,SYNONYM,f,Phialophora hoffmannii,
762,SYNONYM,f,Phialophora jeanselmei,
1576,SYNONYM,f,Phialophora pedrosoi,
2331,SYNONYM,f,Phialophora richardsiae,
633,SYNONYM,f,Phialophora spinifera,
847,SYNONYM,f,Pichia angusta,
587,SYNONYM,f,Pichia anomala,
1837,SYNONYM,f,Pichia fabianii,
456,SYNONYM,f,Pichia farinosa,
997,SYNONYM,f,Pichia guilliermondii,
1410,SYNONYM,f,Pichia ohmeri,
1475,SYNONYM,f,Pichia polymorpha,
1803,SYNONYM,f,Pityrosporum canis,
1634,SYNONYM,f,Pityrosporum furfur,
2002,SYNONYM,f,Pityrosporum ovale,
235,SYNONYM,f,Pityrosporum pachydermatis,
2215,SYNONYM,f,Pleurostomophora,
1189,SYNONYM,f,Pleurostomophora richardsiae,
561,SYNONYM,f,Porphyromonas cansulci,
2402,SYNONYM,f,Porphyromonas salivosa,
1272,SYNONYM,f,Prevotella heparinolytica,
213,SYNONYM,f,Prevotella oulora,
526,SYNONYM,f,Prevotella tannerae,
1421,SYNONYM,f,Prevotella zoogleoformans,
2068,SYNONYM,f,Propionibacterium acidipropionici,
2348,SYNONYM,f,Propionibacterium acnes,
757,SYNONYM,f,Propionibacterium avidum,
956,SYNONYM,f,Propionibacterium granulosum,
542,SYNONYM,f,Propionibacterium innocuum,
2497,SYNONYM,f,Propionibacterium jensenii,
586,SYNONYM,f,Propionibacterium lymphophilum,
966,SYNONYM,f,Propionibacterium microaerophilum,
2062,SYNONYM,f,Propionibacterium propionicum,
2198,SYNONYM,f,Propionibacterium thoenii,
2008,SYNONYM,f,Proteus myxofaciens,
747,SYNONYM,f,Proteus rettgeri,
2209,SYNONYM,f,Prototheca filamenta,
2112,SYNONYM,f,Providencia friedericiana,
657,SYNONYM,f,Pseudallescheria boydii,
1604,SYNONYM,f,Pseudomonas acidovorans,
1387,SYNONYM,f,Pseudomonas antimicrobica,
1002,SYNONYM,f,Pseudomonas betle,
1485,SYNONYM,f,Pseudomonas cepacia,
2394,SYNONYM,f,Pseudomonas chloritidismutans,
1856,SYNONYM,f,Pseudomonas cocovenenans,
2043,SYNONYM,f,Pseudomonas delafieldii,
1243,SYNONYM,f,Pseudomonas diminuta,
1862,SYNONYM,f,Pseudomonas facilis,
68,SYNONYM,f,Pseudomonas gladioli,
2406,SYNONYM,f,Pseudomonas luteola,
1099,SYNONYM,f,Pseudomonas mallei,
2033,SYNONYM,f,Pseudomonas maltophilia,
2837,SYNONYM,f,Pseudomonas nosocomialis,
2142,SYNONYM,f,Pseudomonas paucimobilis,
1088,SYNONYM,f,Pseudomonas perfectomarina,
1691,SYNONYM,f,Pseudomonas pertucinogena,
63,SYNONYM,f,Pseudomonas pickettii,
2065,SYNONYM,f,Pseudomonas pseudoalcaligenes,
1160,SYNONYM,f,Pseudomonas pseudomallei,
2237,SYNONYM,f,Pseudomonas pyrrocinia,
2486,SYNONYM,f,Pseudomonas testosteroni,
1029,SYNONYM,f,Pseudomonas vesicularis,
2703,SYNONYM,f,Pseudozyma aphidis,
977,SYNONYM,f,Pullularia,
46,SYNONYM,f,Pullularia pullulans,
349,SYNONYM,f,Pyrenochaeta romeroi,
2404,SYNONYM,t,Rabies virus,Tollwut-Virus
1969,SYNONYM,f,Ralstonia gilardii,
85,SYNONYM,f,Ralstonia respiraculi,
298,SYNONYM,f,Ramichloridium cerophilum,
244,SYNONYM,f,Rhinocladiella pedrosoi,
1394,SYNONYM,f,Rhinocladiella spinifera,
1028,SYNONYM,f,Rhizobium radiobacter,
1083,SYNONYM,f,Rhizobium rubi,
407,SYNONYM,f,Rhizobium vitis,
1018,SYNONYM,f,Rhizopus nigricans,
517,SYNONYM,f,Rhizopus oryzae,
216,SYNONYM,f,Rhodococcus aurantiacus,
122,SYNONYM,f,Rhodococcus bronchialis,
1050,SYNONYM,f,Rhodococcus chlorophenolicus,
1279,SYNONYM,f,Rhodococcus luteus,
2412,SYNONYM,f,Rhodococcus roseus,
924,SYNONYM,f,Rhodococcus rubropertinctus,
1184,SYNONYM,f,Rhodococcus terrae,
113,SYNONYM,f,Rhodotorula minuta,
1866,SYNONYM,f,Rhodotorula mucilaginosa,
695,SYNONYM,f,Rhodotorula pilimanae,
313,SYNONYM,f,Rickettsia tsutsugamushi,
1178,SYNONYM,f,Riemerella anatipestifer,
2021,SYNONYM,t,Rift Valley fever virus,Rifttal-Fieber-Virus
712,SYNONYM,f,Rochalimaea elizabethae,
1365,SYNONYM,f,Rochalimaea henselae,
2094,SYNONYM,f,Rochalimaea quintana,
413,SYNONYM,f,Rochalimaea vinsonii,
223,SYNONYM,t,Rubella virus,Rötelnvirus
883,SYNONYM,f,Ruminococcus hansenii,
1087,SYNONYM,f,Ruminococcus productus,
2608,SYNONYM,f,SARS-CoV-2,
2741,SYNONYM,f,Salmonella Bareilly,
2739,SYNONYM,f,Salmonella Infantis,
2743,SYNONYM,f,Salmonella Isangi,
2745,SYNONYM,f,Salmonella Kottbus,
2747,SYNONYM,f,Salmonella Livingstone,
2749,SYNONYM,f,Salmonella Montevideo,
2751,SYNONYM,f,Salmonella Newport,
2753,SYNONYM,f,Salmonella Ohio,
2755,SYNONYM,f,Salmonella Senftenberg,
2757,SYNONYM,f,Salmonella Tennessee,
2765,SYNONYM,f,Salmonella Typhi,
2767,SYNONYM,f,Salmonella Typhimurium,
2759,SYNONYM,f,Salmonella Urbana,
2761,SYNONYM,f,Salmonella Virchow,
2763,SYNONYM,f,Salmonella Worthington,
2735,SYNONYM,f,Salmonella choleraesuis,
2737,SYNONYM,f,Salmonella enteritidis,
1935,SYNONYM,f,Sarcinosporon,
2540,SYNONYM,f,Sarcinosporon inkin,
1506,SYNONYM,f,Scedosporium inflatum,
2254,SYNONYM,f,Schwanniomyces,
691,SYNONYM,f,Scolecobasidium constrictum,
952,SYNONYM,f,Scolecobasidium humicola,
2092,SYNONYM,f,Scopulariopsis acremonium,
463,SYNONYM,f,Scopulariopsis brumptii,
49,SYNONYM,f,Scytalidium dimidiatum,
1888,SYNONYM,f,Scytalidium hyalinum,
534,SYNONYM,f,Serpulina,
1847,SYNONYM,f,Serpulina pilosicoli,
1186,SYNONYM,f,Serratia marinorubra,
1979,SYNONYM,t,Simian virus 40,Simian-Virus 40
76,SYNONYM,f,Simonsiella crassa,
65,SYNONYM,f,Sphingobacterium heparinum,
2088,SYNONYM,f,Sphingobacterium mizutae,
1266,SYNONYM,f,Sphingobacterium piscium,
2204,SYNONYM,f,Sporothrix cyanescens,
1105,SYNONYM,f,Sporotrichum beurmannii,
856,SYNONYM,f,Sporotrichum schenckii,
2687,SYNONYM,t,St. Louis encephalitis virus,St.-Louis-Enzephalitis-Virus
2006,SYNONYM,f,Staphylococcus carnosus utilis,
2556,SYNONYM,f,Staphylococcus caseolyticus,
546,SYNONYM,f,Staphylococcus cohnii cohnii,
2125,SYNONYM,f,Staphylococcus cohnii urealyticus,
2365,SYNONYM,f,Staphylococcus fleurettii,
188,SYNONYM,f,Staphylococcus hyicus chromogenes,
1615,SYNONYM,f,Staphylococcus hyicus hyicus,
964,SYNONYM,f,Staphylococcus lentus,
2532,SYNONYM,f,Staphylococcus pulvereri,
16,SYNONYM,f,Staphylococcus saprophyticus bovis,
1015,SYNONYM,f,Staphylococcus schleiferi coagulans,
1748,SYNONYM,f,Staphylococcus schleiferi schleiferi,
1158,SYNONYM,f,Staphylococcus sciuri,
2232,SYNONYM,f,Staphylococcus sciuri carnaticus,
2407,SYNONYM,f,Staphylococcus sciuri lentus,
260,SYNONYM,f,Staphylococcus sciuri rodentium,
1216,SYNONYM,f,Staphylococcus succinus casei,
1282,SYNONYM,f,Staphylococcus succinus succinus,
595,SYNONYM,f,Staphylococcus vitulinus,
942,SYNONYM,f,Stenotrophomonas,
681,SYNONYM,f,Stenotrophomonas maltophilia,
2259,SYNONYM,f,Stephanoascus ciferrii,
2171,SYNONYM,f,Stomatococcus mucilaginosus,
1325,SYNONYM,f,Streptococcus adjacens,
2783,SYNONYM,f,Streptococcus bovis,
2256,SYNONYM,f,Streptococcus caprinus,
1401,SYNONYM,f,Streptococcus cecorum,
649,SYNONYM,f,Streptococcus defectivus,
2131,SYNONYM,f,Streptococcus dentisani,
2027,SYNONYM,f,Streptococcus durans,
878,SYNONYM,f,Streptococcus faecalis,
2362,SYNONYM,f,Streptococcus faecium,
2410,SYNONYM,f,Streptococcus gallinarum,
1240,SYNONYM,f,Streptococcus hansenii,
1537,SYNONYM,f,Streptococcus intestinalis,
379,SYNONYM,f,Streptococcus lactis,
2800,SYNONYM,f,Streptococcus milleri group,
1926,SYNONYM,f,Streptococcus morbillorum,
501,SYNONYM,f,Streptococcus oligofermentans,
26,SYNONYM,f,Streptococcus parvulus,
1894,SYNONYM,f,Streptococcus pasteurianus,
1453,SYNONYM,f,Streptococcus saccharolyticus,
2792,SYNONYM,f,Streptococcus sanguis,
650,SYNONYM,f,Streptococcus shiloi,
2175,SYNONYM,f,Streptococcus thermophilus,
2038,SYNONYM,f,Streptococcus tigurinus,
950,SYNONYM,f,Streptomyces caviscabies,
383,SYNONYM,f,Streptomyces erumpens,
255,SYNONYM,f,Streptomyces roseosporus,
329,SYNONYM,f,Streptomyces setonii,
1879,SYNONYM,f,Tatlockia micdadei,
605,SYNONYM,f,Torula dimidiata,
2593,SYNONYM,f,Torula lipolytica,
737,SYNONYM,f,Torula utilis,
425,SYNONYM,f,Torulopsis aggregata,
558,SYNONYM,f,Torulopsis haemulonii,
2086,SYNONYM,f,Torulopsis inconspicua,
1284,SYNONYM,f,Torulopsis pintolopesii,
1574,SYNONYM,f,Torulopsis utilis,
2180,SYNONYM,f,Trichosporon cutaneum,
317,SYNONYM,f,Trichosporon loubieri,
1773,SYNONYM,f,Trichosporon mucoides,
488,SYNONYM,f,Trichosporon mycotoxinivorans,
220,SYNONYM,f,Trichosporon penicillatum,
1247,SYNONYM,f,Trichosporon pullulans,
1601,SYNONYM,f,Turicella,
901,SYNONYM,f,Turicella otitidis,
1578,SYNONYM,f,Ulocladium,
876,SYNONYM,t,Varicella-zoster virus,Varizella-Zoster-Virus
1169,SYNONYM,f,Veillonella alcalescens,
5,SYNONYM,f,Vibrio carchariae,
1954,SYNONYM,f,Vibrio damsela,
1892,SYNONYM,f,Vibrio succinogenes,
1246,SYNONYM,f,Vibrio trachuri,
1157,SYNONYM,f,Wangiella,
348,SYNONYM,f,Wangiella dermatitidis,
230,SYNONYM,f,Wautersia gilardii,
2071,SYNONYM,f,Wautersia paucula,
2056,SYNONYM,f,Weeksella zoohelcum,
2087,SYNONYM,f,Wolinella curva,
276,SYNONYM,f,Wolinella recta,
360,SYNONYM,f,Xenorhabdus luminescens,
351,SYNONYM,f,Alcaligenes xylosoxidans xylosoxidans,
277,SYNONYM,f,Clostridium irregularis,
1140,SYNONYM,f,Zika virus,
